{
  "test": {
    "dataset": "test",
    "auc_roc": 0.7499441081053692,
    "gini_coefficient": 0.4998882162107383,
    "ks_statistic": 0.3714706435323855,
    "average_precision": 0.742639987728543,
    "precision": 0.6241379310344828,
    "recall": 0.8509066487575554,
    "f1_score": 0.7200909349246946,
    "confusion_matrix": {
      "true_negative": 748,
      "false_positive": 763,
      "false_negative": 222,
      "true_positive": 1267
    }
  },
  "train": {
    "dataset": "train",
    "auc_roc": 0.7975078926683992,
    "gini_coefficient": 0.5950157853367983,
    "ks_statistic": 0.44123902561422784,
    "average_precision": 0.7915312638242242,
    "precision": 0.6426697755756339,
    "recall": 0.8710250839423267,
    "f1_score": 0.7396226415094339,
    "confusion_matrix": {
      "true_negative": 2685,
      "false_positive": 2452,
      "false_negative": 653,
      "true_positive": 4410
    }
  },
  "tuning_performed": false
}