{
  "test": {
    "dataset": "test",
    "auc_roc": 0.5289340659340659,
    "gini_coefficient": 0.05786813186813178,
    "ks_statistic": 0.06461538461538463,
    "average_precision": 0.37362559198705975,
    "precision": 0.35110663983903423,
    "recall": 0.9971428571428571,
    "f1_score": 0.5193452380952381,
    "confusion_matrix": {
      "true_negative": 15,
      "false_positive": 1935,
      "false_negative": 3,
      "true_positive": 1047
    }
  },
  "train": {
    "dataset": "train",
    "auc_roc": 0.7136062841426163,
    "gini_coefficient": 0.4272125682852326,
    "ks_statistic": 0.3042016806722689,
    "average_precision": 0.5730471913065343,
    "precision": 0.3529528143238698,
    "recall": 0.9994397759103641,
    "f1_score": 0.5216755610790262,
    "confusion_matrix": {
      "true_negative": 89,
      "false_positive": 6541,
      "false_negative": 2,
      "true_positive": 3568
    }
  },
  "tuning_performed": false
}